"id","task_type","task_pay","task_from","create_time","update_time","wallet_id","is_enable","is_hidden","task_desc","task_url","task_mid"
8,2,1,25,"2022-04-28 14:36:58","2022-04-28 16:21:35",18,1,0,观看任务观看任务观看任务观看任务观看任务,,
9,2,1,25,"2022-04-28 14:36:58","2022-04-28 17:33:20",18,1,0,BBBBBBBBBBBB,,
10,2,1,25,"2022-04-28 14:36:58","2022-04-28 17:33:20",18,1,0,CCCCCCCCCCCCCCCC,,
11,2,1,25,"2022-04-28 14:36:58","2022-04-28 17:33:20",18,1,0,DDDDDDDDDDDDDDDDDDDDD,,
12,2,1,25,"2022-04-28 14:36:58","2022-04-28 17:33:20",18,1,0,EEEEEEEEEEEEEEEEEEEEEE,,
13,2,1,25,"2022-04-28 14:36:58","2022-04-28 17:33:20",18,1,0,FFFFFFFFFFFFFFFFFFFFFFFFFF,,
14,2,1,25,"2022-04-28 14:36:58","2022-04-28 17:33:20",18,1,0,GGGGGGGGGGGGGGGGGGGGGGGGGG,,
15,2,1,25,"2022-04-28 14:36:58","2022-04-28 17:33:20",18,1,0,HHHHHHHHHHHHHHHHHH,,
16,2,1,25,"2022-04-28 14:36:58","2022-04-28 17:33:20",18,1,0,IIIIIIIIIIIIIIIIIIIIIIIIIIIIIIIIIII,,
17,2,1,25,"2022-04-28 14:36:58","2022-04-28 17:33:20",18,1,0,JJJJJJJJJJJJJJJJJJJJJJJJJJJJ,,
18,2,1,25,"2022-04-28 14:36:58","2022-04-28 17:33:20",18,1,0,KKKKKKKKKKKKKKKKKKKKKKKKKKK,,
19,2,1,25,"2022-04-28 14:36:58","2022-04-28 17:33:20",18,1,0,LLLLLLLLLLLLLLLLLLLLLLLLLLLL,,
20,2,1,25,"2022-04-28 14:36:58","2022-04-28 17:33:20",18,1,0,MMMMMMMMMMMMMMMMMMMMMMM,,
21,2,1,25,"2022-04-28 14:36:58","2022-04-28 17:33:20",18,1,0,NNNNNNNNNNNNNNNNNNNN,,
22,2,1,25,"2022-04-28 14:36:58","2022-04-28 17:33:20",18,1,0,PPPPPPPPPPPPPPPPPPPPPPPPPPPPPPPP,,
23,2,1,25,"2022-04-28 14:36:58","2022-04-28 17:33:20",18,1,0,QQQQQQQQQQQQQQQQQQQQQQQ,,
24,2,1,25,"2022-04-28 14:36:58","2022-04-28 17:33:20",18,1,0,RRRRRRRRRRRRRRRRRRRRRRRRR,,
25,2,1,25,"2022-04-28 14:36:58","2022-04-28 17:33:20",18,1,0,SSSSSSSSSSSSSSSSSSSSSSSS,,
26,2,1,25,"2022-04-28 14:36:58","2022-04-28 17:33:20",18,1,0,OOOOOOOOOOOOOOOOOOOOOOOO,,
27,2,1,25,"2022-04-28 14:36:58","2022-04-28 17:33:20",18,1,0,UUUUUUUUUUUUUUUUUUUUUU,,
28,2,1,25,"2022-04-28 14:36:58","2022-04-28 17:33:20",18,1,0,OOOOOOOOOOOOOOOOOOOOOOOO,,
29,2,1,25,"2022-04-28 14:36:58","2022-04-28 17:33:20",18,1,0,WWWWWWWWWWWWWW,,
30,2,1,25,"2022-04-28 14:36:58","2022-04-28 17:33:20",18,1,0,XXXXXXXXXXXXXXXXXXXXXXXX,,
31,2,1,25,"2022-04-28 14:36:58","2022-04-28 17:33:20",18,1,0,YYYYYYYYYYYYYYYYYYYYYYYYYYYYY,,
32,2,1,25,"2022-04-28 14:36:58","2022-04-28 17:33:20",18,1,0,ZZZZZZZZZZZZZZZZZZZZZZZ,,
